{
  "version": 1,
  "author": "NAGAJAYARUBA K.S",
  "editor": "wokwi",
  "parts": [
    { "type": "wokwi-esp32-devkit-v1", "id": "esp", "top": 8.67, "left": -132.93, "attrs": {} },
    {
      "type": "wokwi-led",
      "id": "led1",
      "top": -63.84,
      "left": 30.82,
      "attrs": { "color": "red" }
    },
    {
      "type": "wokwi-resistor",
      "id": "r1",
      "top": 27.44,
      "left": 45.7,
      "rotate": 90,
      "attrs": { "value": "1000" }
    }
  ],
  "connections": [
    [ "esp:TX0", "$serialMonitor:RX", "", [] ],
    [ "esp:RX0", "$serialMonitor:TX", "", [] ],
    [ "esp:GND.1", "led1:C", "black", [ "h64", "v-150.67" ] ],
    [ "esp:D2", "r1:2", "green", [ "h0" ] ],
    [ "led1:A", "r1:1", "green", [ "v0" ] ]
  ],
  "dependencies": {}
}